person1	person2	label
0945_c976e1b5-0635-42be-8512-021a5953fca9::span:940:950	0945_c976e1b5-0635-42be-8512-021a5953fca9::span:904:915	-1
0929_f3552212-8dbe-4f29-9415-76d800052a84::span:1507:1514	0929_f3552212-8dbe-4f29-9415-76d800052a84::span:1518:1529	-1
0948_04c84f3f-4c1e-43d2-a7e4-7cfd1833f148::span:3150:3156	0948_04c84f3f-4c1e-43d2-a7e4-7cfd1833f148::span:3191:3197	-1
0905_a9e0f535-9870-4a7c-a314-f9f00153b09f::span:702:717	0905_a9e0f535-9870-4a7c-a314-f9f00153b09f::span:588:600	1
0904_eea50da5-c5ef-4e37-8d9b-db7942c1b7fd::span:546:560	0904_eea50da5-c5ef-4e37-8d9b-db7942c1b7fd::span:499:505	-1
0927_3dd4aec5-dde3-461d-b6a4-9e57e39c9d05::span:503:520	0927_3dd4aec5-dde3-461d-b6a4-9e57e39c9d05::span:675:687	-1
0927_3dd4aec5-dde3-461d-b6a4-9e57e39c9d05::span:503:520	0927_3dd4aec5-dde3-461d-b6a4-9e57e39c9d05::span:508:528	-1
0927_3dd4aec5-dde3-461d-b6a4-9e57e39c9d05::span:675:687	0927_3dd4aec5-dde3-461d-b6a4-9e57e39c9d05::span:508:528	-1
0912_773a6be0-7588-4ef6-b0ce-90a651e63464::span:7733:7748	0912_773a6be0-7588-4ef6-b0ce-90a651e63464::span:8405:8408	-1
0906_2a804a4e-ddf1-41a6-ad42-816a9c68f8fb::span:511:513	0906_2a804a4e-ddf1-41a6-ad42-816a9c68f8fb::span:478:492	-1
0927_3dd4aec5-dde3-461d-b6a4-9e57e39c9d05::span:176:182	0927_3dd4aec5-dde3-461d-b6a4-9e57e39c9d05::span:250:254	-1
0906_2a804a4e-ddf1-41a6-ad42-816a9c68f8fb::span:0:2	0906_2a804a4e-ddf1-41a6-ad42-816a9c68f8fb::span:30:36	-1
0926_7351f501-5b1f-4c2e-8093-efe3a98d5b8f::span:3017:3022	0926_7351f501-5b1f-4c2e-8093-efe3a98d5b8f::span:3025:3035	-1
0926_7351f501-5b1f-4c2e-8093-efe3a98d5b8f::span:3017:3022	0926_7351f501-5b1f-4c2e-8093-efe3a98d5b8f::span:3104:3109	-1
0926_7351f501-5b1f-4c2e-8093-efe3a98d5b8f::span:3025:3035	0926_7351f501-5b1f-4c2e-8093-efe3a98d5b8f::span:3104:3109	-1
0910_d2589e20-bd42-4e20-a8c0-9684cda04f30::span:117:126	0910_d2589e20-bd42-4e20-a8c0-9684cda04f30::span:29:40	-1
0942_c7dfcf6e-76ce-477c-ab9c-f2b64c7709c8::span:172:187	0942_c7dfcf6e-76ce-477c-ab9c-f2b64c7709c8::span:208:218	-1
0904_eea50da5-c5ef-4e37-8d9b-db7942c1b7fd::span:2706:2724	0904_eea50da5-c5ef-4e37-8d9b-db7942c1b7fd::span:2740:2754	-1
0936_a9ab5a03-6d39-4a4d-b415-3b5a70631854::span:2641:2655	0936_a9ab5a03-6d39-4a4d-b415-3b5a70631854::span:2725:2732	-1
0936_a9ab5a03-6d39-4a4d-b415-3b5a70631854::span:2641:2655	0936_a9ab5a03-6d39-4a4d-b415-3b5a70631854::span:2693:2704	-1
0936_a9ab5a03-6d39-4a4d-b415-3b5a70631854::span:2725:2732	0936_a9ab5a03-6d39-4a4d-b415-3b5a70631854::span:2693:2704	-1
0936_a9ab5a03-6d39-4a4d-b415-3b5a70631854::span:2540:2545	0936_a9ab5a03-6d39-4a4d-b415-3b5a70631854::span:2609:2621	-1
0936_a9ab5a03-6d39-4a4d-b415-3b5a70631854::span:2540:2545	0936_a9ab5a03-6d39-4a4d-b415-3b5a70631854::span:2522:2534	-1
0936_a9ab5a03-6d39-4a4d-b415-3b5a70631854::span:2609:2621	0936_a9ab5a03-6d39-4a4d-b415-3b5a70631854::span:2522:2534	-1
0936_a9ab5a03-6d39-4a4d-b415-3b5a70631854::span:2391:2395	0936_a9ab5a03-6d39-4a4d-b415-3b5a70631854::span:2413:2418	-1
0936_a9ab5a03-6d39-4a4d-b415-3b5a70631854::span:2031:2038	0936_a9ab5a03-6d39-4a4d-b415-3b5a70631854::span:1995:2006	-1
0904_eea50da5-c5ef-4e37-8d9b-db7942c1b7fd::span:1821:1828	0904_eea50da5-c5ef-4e37-8d9b-db7942c1b7fd::span:1795:1809	-1
0904_eea50da5-c5ef-4e37-8d9b-db7942c1b7fd::span:1821:1828	0904_eea50da5-c5ef-4e37-8d9b-db7942c1b7fd::span:1743:1759	-1
0904_eea50da5-c5ef-4e37-8d9b-db7942c1b7fd::span:1795:1809	0904_eea50da5-c5ef-4e37-8d9b-db7942c1b7fd::span:1743:1759	-1
0926_7351f501-5b1f-4c2e-8093-efe3a98d5b8f::span:4153:4164	0926_7351f501-5b1f-4c2e-8093-efe3a98d5b8f::span:4035:4040	-1
0926_7351f501-5b1f-4c2e-8093-efe3a98d5b8f::span:4153:4164	0926_7351f501-5b1f-4c2e-8093-efe3a98d5b8f::span:3978:3992	-1
0926_7351f501-5b1f-4c2e-8093-efe3a98d5b8f::span:4153:4164	0926_7351f501-5b1f-4c2e-8093-efe3a98d5b8f::span:3972:3975	-1
0926_7351f501-5b1f-4c2e-8093-efe3a98d5b8f::span:4035:4040	0926_7351f501-5b1f-4c2e-8093-efe3a98d5b8f::span:3978:3992	-1
0926_7351f501-5b1f-4c2e-8093-efe3a98d5b8f::span:4035:4040	0926_7351f501-5b1f-4c2e-8093-efe3a98d5b8f::span:3972:3975	-1
0926_7351f501-5b1f-4c2e-8093-efe3a98d5b8f::span:3978:3992	0926_7351f501-5b1f-4c2e-8093-efe3a98d5b8f::span:3972:3975	-1
0947_8914672b-8d38-49f2-8fd4-e2eeb04ef31a::span:1538:1551	0947_8914672b-8d38-49f2-8fd4-e2eeb04ef31a::span:1405:1412	-1
0927_3dd4aec5-dde3-461d-b6a4-9e57e39c9d05::span:771:779	0927_3dd4aec5-dde3-461d-b6a4-9e57e39c9d05::span:788:794	-1
0926_7351f501-5b1f-4c2e-8093-efe3a98d5b8f::span:3921:3926	0926_7351f501-5b1f-4c2e-8093-efe3a98d5b8f::span:3889:3892	-1
0928_9e74613b-5d0f-479b-b981-c32f6e6a0f0f::span:1029:1035	0928_9e74613b-5d0f-479b-b981-c32f6e6a0f0f::span:1061:1069	-1
0928_9e74613b-5d0f-479b-b981-c32f6e6a0f0f::span:1422:1438	0928_9e74613b-5d0f-479b-b981-c32f6e6a0f0f::span:1396:1400	-1
0928_9e74613b-5d0f-479b-b981-c32f6e6a0f0f::span:686:695	0928_9e74613b-5d0f-479b-b981-c32f6e6a0f0f::span:659:676	-1
0937_2841ea9b-9e7a-4d40-b55c-7745035dfdf8::span:5742:5747	0937_2841ea9b-9e7a-4d40-b55c-7745035dfdf8::span:5805:5808	-1
0926_7351f501-5b1f-4c2e-8093-efe3a98d5b8f::span:1822:1842	0926_7351f501-5b1f-4c2e-8093-efe3a98d5b8f::span:1872:1886	-1
0926_7351f501-5b1f-4c2e-8093-efe3a98d5b8f::span:836:840	0926_7351f501-5b1f-4c2e-8093-efe3a98d5b8f::span:868:873	-1
0926_7351f501-5b1f-4c2e-8093-efe3a98d5b8f::span:836:840	0926_7351f501-5b1f-4c2e-8093-efe3a98d5b8f::span:800:814	-1
0926_7351f501-5b1f-4c2e-8093-efe3a98d5b8f::span:868:873	0926_7351f501-5b1f-4c2e-8093-efe3a98d5b8f::span:800:814	-1
0917_5c525cf3-85ce-4d55-9fca-f90633491b3c::span:52:67	0917_5c525cf3-85ce-4d55-9fca-f90633491b3c::span:28:35	-1
0912_773a6be0-7588-4ef6-b0ce-90a651e63464::span:6336:6349	0912_773a6be0-7588-4ef6-b0ce-90a651e63464::span:6194:6206	-1
0912_773a6be0-7588-4ef6-b0ce-90a651e63464::span:6336:6349	0912_773a6be0-7588-4ef6-b0ce-90a651e63464::span:6475:6486	-1
0912_773a6be0-7588-4ef6-b0ce-90a651e63464::span:6194:6206	0912_773a6be0-7588-4ef6-b0ce-90a651e63464::span:6475:6486	-1
0908_19bc3777-94a7-4d86-903c-94504c7420df::span:4622:4632	0908_19bc3777-94a7-4d86-903c-94504c7420df::span:4565:4575	-1
0944_8b0335c1-78a4-437a-a2d4-a79b1f1af9d8::span:583:589	0944_8b0335c1-78a4-437a-a2d4-a79b1f1af9d8::span:556:562	-1
0948_04c84f3f-4c1e-43d2-a7e4-7cfd1833f148::span:5648:5657	0948_04c84f3f-4c1e-43d2-a7e4-7cfd1833f148::span:5789:5798	-1
0948_04c84f3f-4c1e-43d2-a7e4-7cfd1833f148::span:5648:5657	0948_04c84f3f-4c1e-43d2-a7e4-7cfd1833f148::span:5633:5642	-1
0948_04c84f3f-4c1e-43d2-a7e4-7cfd1833f148::span:5789:5798	0948_04c84f3f-4c1e-43d2-a7e4-7cfd1833f148::span:5633:5642	-1
0947_8914672b-8d38-49f2-8fd4-e2eeb04ef31a::span:1330:1343	0947_8914672b-8d38-49f2-8fd4-e2eeb04ef31a::span:1311:1324	-1
0948_04c84f3f-4c1e-43d2-a7e4-7cfd1833f148::span:5548:5552	0948_04c84f3f-4c1e-43d2-a7e4-7cfd1833f148::span:5524:5530	-1
0948_04c84f3f-4c1e-43d2-a7e4-7cfd1833f148::span:5477:5481	0948_04c84f3f-4c1e-43d2-a7e4-7cfd1833f148::span:5419:5425	-1
0948_04c84f3f-4c1e-43d2-a7e4-7cfd1833f148::span:5002:5011	0948_04c84f3f-4c1e-43d2-a7e4-7cfd1833f148::span:5064:5068	-1
0948_04c84f3f-4c1e-43d2-a7e4-7cfd1833f148::span:5002:5011	0948_04c84f3f-4c1e-43d2-a7e4-7cfd1833f148::span:5021:5031	-1
0948_04c84f3f-4c1e-43d2-a7e4-7cfd1833f148::span:5064:5068	0948_04c84f3f-4c1e-43d2-a7e4-7cfd1833f148::span:5021:5031	-1
0935_b12f0805-57dc-47ce-adbe-a7f09ec4fcbb::span:13248:13258	0935_b12f0805-57dc-47ce-adbe-a7f09ec4fcbb::span:13227:13242	-1
0918_c84322c1-aa3b-4429-99d0-12cb3413804b::span:2242:2245	0918_c84322c1-aa3b-4429-99d0-12cb3413804b::span:2146:2150	-1
0918_c84322c1-aa3b-4429-99d0-12cb3413804b::span:1994:1998	0918_c84322c1-aa3b-4429-99d0-12cb3413804b::span:1948:1959	-1
0918_c84322c1-aa3b-4429-99d0-12cb3413804b::span:1713:1722	0918_c84322c1-aa3b-4429-99d0-12cb3413804b::span:1796:1807	1
0918_c84322c1-aa3b-4429-99d0-12cb3413804b::span:1713:1722	0918_c84322c1-aa3b-4429-99d0-12cb3413804b::span:1746:1750	-1
0918_c84322c1-aa3b-4429-99d0-12cb3413804b::span:1796:1807	0918_c84322c1-aa3b-4429-99d0-12cb3413804b::span:1746:1750	-1
0935_b12f0805-57dc-47ce-adbe-a7f09ec4fcbb::span:11619:11623	0935_b12f0805-57dc-47ce-adbe-a7f09ec4fcbb::span:11404:11408	-1
0935_b12f0805-57dc-47ce-adbe-a7f09ec4fcbb::span:10872:10885	0935_b12f0805-57dc-47ce-adbe-a7f09ec4fcbb::span:10817:10830	-1
0937_2841ea9b-9e7a-4d40-b55c-7745035dfdf8::span:6175:6178	0937_2841ea9b-9e7a-4d40-b55c-7745035dfdf8::span:6035:6046	-1
0935_b12f0805-57dc-47ce-adbe-a7f09ec4fcbb::span:11134:11141	0935_b12f0805-57dc-47ce-adbe-a7f09ec4fcbb::span:11148:11152	-1
0935_b12f0805-57dc-47ce-adbe-a7f09ec4fcbb::span:11134:11141	0935_b12f0805-57dc-47ce-adbe-a7f09ec4fcbb::span:11190:11201	-1
0935_b12f0805-57dc-47ce-adbe-a7f09ec4fcbb::span:11148:11152	0935_b12f0805-57dc-47ce-adbe-a7f09ec4fcbb::span:11190:11201	-1
0935_b12f0805-57dc-47ce-adbe-a7f09ec4fcbb::span:9939:9951	0935_b12f0805-57dc-47ce-adbe-a7f09ec4fcbb::span:9957:9968	-1
0921_295fcce8-3adf-4abb-9bc3-5ac4e054a07d::span:1751:1758	0921_295fcce8-3adf-4abb-9bc3-5ac4e054a07d::span:1707:1716	-1
0928_9e74613b-5d0f-479b-b981-c32f6e6a0f0f::span:2010:2018	0928_9e74613b-5d0f-479b-b981-c32f6e6a0f0f::span:2055:2057	1
0928_9e74613b-5d0f-479b-b981-c32f6e6a0f0f::span:2010:2018	0928_9e74613b-5d0f-479b-b981-c32f6e6a0f0f::span:1978:1997	-1
0928_9e74613b-5d0f-479b-b981-c32f6e6a0f0f::span:2010:2018	0928_9e74613b-5d0f-479b-b981-c32f6e6a0f0f::span:2015:2025	-1
0928_9e74613b-5d0f-479b-b981-c32f6e6a0f0f::span:2010:2018	0928_9e74613b-5d0f-479b-b981-c32f6e6a0f0f::span:2028:2036	-1
0928_9e74613b-5d0f-479b-b981-c32f6e6a0f0f::span:2055:2057	0928_9e74613b-5d0f-479b-b981-c32f6e6a0f0f::span:1978:1997	-1
0928_9e74613b-5d0f-479b-b981-c32f6e6a0f0f::span:2055:2057	0928_9e74613b-5d0f-479b-b981-c32f6e6a0f0f::span:2015:2025	1
0928_9e74613b-5d0f-479b-b981-c32f6e6a0f0f::span:2055:2057	0928_9e74613b-5d0f-479b-b981-c32f6e6a0f0f::span:2028:2036	1
0928_9e74613b-5d0f-479b-b981-c32f6e6a0f0f::span:1978:1997	0928_9e74613b-5d0f-479b-b981-c32f6e6a0f0f::span:2015:2025	-1
0928_9e74613b-5d0f-479b-b981-c32f6e6a0f0f::span:1978:1997	0928_9e74613b-5d0f-479b-b981-c32f6e6a0f0f::span:2028:2036	-1
0928_9e74613b-5d0f-479b-b981-c32f6e6a0f0f::span:2015:2025	0928_9e74613b-5d0f-479b-b981-c32f6e6a0f0f::span:2028:2036	-1
0938_8b1af6c6-4674-45a0-b806-1ec9bb6a2336::span:5327:5338	0938_8b1af6c6-4674-45a0-b806-1ec9bb6a2336::span:5295:5304	-1
0938_8b1af6c6-4674-45a0-b806-1ec9bb6a2336::span:5327:5338	0938_8b1af6c6-4674-45a0-b806-1ec9bb6a2336::span:5344:5360	-1
0938_8b1af6c6-4674-45a0-b806-1ec9bb6a2336::span:5295:5304	0938_8b1af6c6-4674-45a0-b806-1ec9bb6a2336::span:5344:5360	-1
0906_2a804a4e-ddf1-41a6-ad42-816a9c68f8fb::span:6544:6555	0906_2a804a4e-ddf1-41a6-ad42-816a9c68f8fb::span:6578:6580	-1
0936_a9ab5a03-6d39-4a4d-b415-3b5a70631854::span:1047:1059	0936_a9ab5a03-6d39-4a4d-b415-3b5a70631854::span:1024:1031	-1
0906_2a804a4e-ddf1-41a6-ad42-816a9c68f8fb::span:5533:5548	0906_2a804a4e-ddf1-41a6-ad42-816a9c68f8fb::span:5575:5580	-1
0936_a9ab5a03-6d39-4a4d-b415-3b5a70631854::span:310:323	0936_a9ab5a03-6d39-4a4d-b415-3b5a70631854::span:328:339	-1
0926_7351f501-5b1f-4c2e-8093-efe3a98d5b8f::span:2526:2531	0926_7351f501-5b1f-4c2e-8093-efe3a98d5b8f::span:2483:2489	-1
0906_2a804a4e-ddf1-41a6-ad42-816a9c68f8fb::span:5750:5761	0906_2a804a4e-ddf1-41a6-ad42-816a9c68f8fb::span:5789:5798	-1
0906_2a804a4e-ddf1-41a6-ad42-816a9c68f8fb::span:3512:3520	0906_2a804a4e-ddf1-41a6-ad42-816a9c68f8fb::span:3432:3438	-1
0906_2a804a4e-ddf1-41a6-ad42-816a9c68f8fb::span:2887:2896	0906_2a804a4e-ddf1-41a6-ad42-816a9c68f8fb::span:2923:2927	-1
0906_2a804a4e-ddf1-41a6-ad42-816a9c68f8fb::span:4499:4504	0906_2a804a4e-ddf1-41a6-ad42-816a9c68f8fb::span:4452:4465	-1
0940_f49af9ca-609a-4bdf-baf8-d8ddd6dd4628::span:959:962	0940_f49af9ca-609a-4bdf-baf8-d8ddd6dd4628::span:947:953	-1
0931_3ddfa461-a842-4255-a006-8ea82da1428b::span:580:593	0931_3ddfa461-a842-4255-a006-8ea82da1428b::span:620:633	-1
0940_f49af9ca-609a-4bdf-baf8-d8ddd6dd4628::span:768:785	0940_f49af9ca-609a-4bdf-baf8-d8ddd6dd4628::span:734:747	-1
0940_f49af9ca-609a-4bdf-baf8-d8ddd6dd4628::span:471:482	0940_f49af9ca-609a-4bdf-baf8-d8ddd6dd4628::span:374:389	-1
0940_f49af9ca-609a-4bdf-baf8-d8ddd6dd4628::span:471:482	0940_f49af9ca-609a-4bdf-baf8-d8ddd6dd4628::span:404:417	-1
0940_f49af9ca-609a-4bdf-baf8-d8ddd6dd4628::span:374:389	0940_f49af9ca-609a-4bdf-baf8-d8ddd6dd4628::span:404:417	-1
0942_c7dfcf6e-76ce-477c-ab9c-f2b64c7709c8::span:2988:2996	0942_c7dfcf6e-76ce-477c-ab9c-f2b64c7709c8::span:2891:2903	-1
0942_c7dfcf6e-76ce-477c-ab9c-f2b64c7709c8::span:2988:2996	0942_c7dfcf6e-76ce-477c-ab9c-f2b64c7709c8::span:2960:2972	-1
0942_c7dfcf6e-76ce-477c-ab9c-f2b64c7709c8::span:2891:2903	0942_c7dfcf6e-76ce-477c-ab9c-f2b64c7709c8::span:2960:2972	-1
0913_10af65a5-41a3-49e3-964c-8fa98370ee39::span:1378:1384	0913_10af65a5-41a3-49e3-964c-8fa98370ee39::span:1261:1263	-1
0913_10af65a5-41a3-49e3-964c-8fa98370ee39::span:2655:2661	0913_10af65a5-41a3-49e3-964c-8fa98370ee39::span:2636:2651	-1
0910_d2589e20-bd42-4e20-a8c0-9684cda04f30::span:1478:1482	0910_d2589e20-bd42-4e20-a8c0-9684cda04f30::span:1456:1459	-1
0931_3ddfa461-a842-4255-a006-8ea82da1428b::span:20:32	0931_3ddfa461-a842-4255-a006-8ea82da1428b::span:63:73	-1
0948_04c84f3f-4c1e-43d2-a7e4-7cfd1833f148::span:3998:4004	0948_04c84f3f-4c1e-43d2-a7e4-7cfd1833f148::span:4135:4139	-1
0930_5530e6a9-2f90-4f5b-bd1b-2d921ef694ef::span:381:384	0930_5530e6a9-2f90-4f5b-bd1b-2d921ef694ef::span:390:395	-1
0930_5530e6a9-2f90-4f5b-bd1b-2d921ef694ef::span:177:187	0930_5530e6a9-2f90-4f5b-bd1b-2d921ef694ef::span:216:221	1
0910_d2589e20-bd42-4e20-a8c0-9684cda04f30::span:1104:1118	0910_d2589e20-bd42-4e20-a8c0-9684cda04f30::span:1121:1130	-1
0943_6f61a7ed-7a37-446f-b577-f6fd5b81dc81::span:1062:1077	0943_6f61a7ed-7a37-446f-b577-f6fd5b81dc81::span:1030:1048	-1
0938_8b1af6c6-4674-45a0-b806-1ec9bb6a2336::span:1707:1718	0938_8b1af6c6-4674-45a0-b806-1ec9bb6a2336::span:1628:1638	-1
0907_a5f782bc-46ae-4975-865f-cf950e768191::span:8:18	0907_a5f782bc-46ae-4975-865f-cf950e768191::span:0:10	-1
0907_a5f782bc-46ae-4975-865f-cf950e768191::span:8:18	0907_a5f782bc-46ae-4975-865f-cf950e768191::span:7:12	-1
0907_a5f782bc-46ae-4975-865f-cf950e768191::span:8:18	0907_a5f782bc-46ae-4975-865f-cf950e768191::span:74:83	-1
0907_a5f782bc-46ae-4975-865f-cf950e768191::span:0:10	0907_a5f782bc-46ae-4975-865f-cf950e768191::span:7:12	-1
0907_a5f782bc-46ae-4975-865f-cf950e768191::span:0:10	0907_a5f782bc-46ae-4975-865f-cf950e768191::span:74:83	-1
0907_a5f782bc-46ae-4975-865f-cf950e768191::span:7:12	0907_a5f782bc-46ae-4975-865f-cf950e768191::span:74:83	-1
0932_f115db03-0dd2-4ad3-af66-4740c6aafddb::span:393:405	0932_f115db03-0dd2-4ad3-af66-4740c6aafddb::span:228:236	-1
0932_f115db03-0dd2-4ad3-af66-4740c6aafddb::span:393:405	0932_f115db03-0dd2-4ad3-af66-4740c6aafddb::span:318:330	-1
0932_f115db03-0dd2-4ad3-af66-4740c6aafddb::span:393:405	0932_f115db03-0dd2-4ad3-af66-4740c6aafddb::span:377:387	-1
0932_f115db03-0dd2-4ad3-af66-4740c6aafddb::span:228:236	0932_f115db03-0dd2-4ad3-af66-4740c6aafddb::span:318:330	-1
0932_f115db03-0dd2-4ad3-af66-4740c6aafddb::span:228:236	0932_f115db03-0dd2-4ad3-af66-4740c6aafddb::span:377:387	-1
0932_f115db03-0dd2-4ad3-af66-4740c6aafddb::span:318:330	0932_f115db03-0dd2-4ad3-af66-4740c6aafddb::span:377:387	-1
0907_a5f782bc-46ae-4975-865f-cf950e768191::span:217:219	0907_a5f782bc-46ae-4975-865f-cf950e768191::span:192:201	-1
0942_c7dfcf6e-76ce-477c-ab9c-f2b64c7709c8::span:4236:4246	0942_c7dfcf6e-76ce-477c-ab9c-f2b64c7709c8::span:4215:4230	-1
0942_c7dfcf6e-76ce-477c-ab9c-f2b64c7709c8::span:4236:4246	0942_c7dfcf6e-76ce-477c-ab9c-f2b64c7709c8::span:4057:4069	-1
0942_c7dfcf6e-76ce-477c-ab9c-f2b64c7709c8::span:4215:4230	0942_c7dfcf6e-76ce-477c-ab9c-f2b64c7709c8::span:4057:4069	-1
0942_c7dfcf6e-76ce-477c-ab9c-f2b64c7709c8::span:3786:3794	0942_c7dfcf6e-76ce-477c-ab9c-f2b64c7709c8::span:3664:3669	-1
0907_a5f782bc-46ae-4975-865f-cf950e768191::span:137:142	0907_a5f782bc-46ae-4975-865f-cf950e768191::span:148:156	-1
0907_a5f782bc-46ae-4975-865f-cf950e768191::span:137:142	0907_a5f782bc-46ae-4975-865f-cf950e768191::span:166:171	-1
0907_a5f782bc-46ae-4975-865f-cf950e768191::span:137:142	0907_a5f782bc-46ae-4975-865f-cf950e768191::span:159:163	-1
0907_a5f782bc-46ae-4975-865f-cf950e768191::span:148:156	0907_a5f782bc-46ae-4975-865f-cf950e768191::span:166:171	-1
0907_a5f782bc-46ae-4975-865f-cf950e768191::span:148:156	0907_a5f782bc-46ae-4975-865f-cf950e768191::span:159:163	-1
0907_a5f782bc-46ae-4975-865f-cf950e768191::span:166:171	0907_a5f782bc-46ae-4975-865f-cf950e768191::span:159:163	-1
0948_04c84f3f-4c1e-43d2-a7e4-7cfd1833f148::span:1874:1878	0948_04c84f3f-4c1e-43d2-a7e4-7cfd1833f148::span:2024:2033	-1
0948_04c84f3f-4c1e-43d2-a7e4-7cfd1833f148::span:1671:1675	0948_04c84f3f-4c1e-43d2-a7e4-7cfd1833f148::span:1816:1822	-1
0948_04c84f3f-4c1e-43d2-a7e4-7cfd1833f148::span:1671:1675	0948_04c84f3f-4c1e-43d2-a7e4-7cfd1833f148::span:1688:1694	-1
0948_04c84f3f-4c1e-43d2-a7e4-7cfd1833f148::span:1671:1675	0948_04c84f3f-4c1e-43d2-a7e4-7cfd1833f148::span:1846:1860	-1
0948_04c84f3f-4c1e-43d2-a7e4-7cfd1833f148::span:1816:1822	0948_04c84f3f-4c1e-43d2-a7e4-7cfd1833f148::span:1688:1694	-1
0948_04c84f3f-4c1e-43d2-a7e4-7cfd1833f148::span:1816:1822	0948_04c84f3f-4c1e-43d2-a7e4-7cfd1833f148::span:1846:1860	-1
0948_04c84f3f-4c1e-43d2-a7e4-7cfd1833f148::span:1688:1694	0948_04c84f3f-4c1e-43d2-a7e4-7cfd1833f148::span:1846:1860	-1
0946_64f6cead-ac39-4ab1-894c-496407ea0081::span:2316:2320	0946_64f6cead-ac39-4ab1-894c-496407ea0081::span:2332:2336	-1
0948_04c84f3f-4c1e-43d2-a7e4-7cfd1833f148::span:3090:3096	0948_04c84f3f-4c1e-43d2-a7e4-7cfd1833f148::span:3115:3121	-1
0908_19bc3777-94a7-4d86-903c-94504c7420df::span:4500:4511	0908_19bc3777-94a7-4d86-903c-94504c7420df::span:4439:4445	-1
0908_19bc3777-94a7-4d86-903c-94504c7420df::span:3335:3345	0908_19bc3777-94a7-4d86-903c-94504c7420df::span:3306:3312	1
0942_c7dfcf6e-76ce-477c-ab9c-f2b64c7709c8::span:1606:1616	0942_c7dfcf6e-76ce-477c-ab9c-f2b64c7709c8::span:1638:1652	-1
0942_c7dfcf6e-76ce-477c-ab9c-f2b64c7709c8::span:1606:1616	0942_c7dfcf6e-76ce-477c-ab9c-f2b64c7709c8::span:1588:1600	-1
0942_c7dfcf6e-76ce-477c-ab9c-f2b64c7709c8::span:1638:1652	0942_c7dfcf6e-76ce-477c-ab9c-f2b64c7709c8::span:1588:1600	-1
0942_c7dfcf6e-76ce-477c-ab9c-f2b64c7709c8::span:573:583	0942_c7dfcf6e-76ce-477c-ab9c-f2b64c7709c8::span:597:602	-1
0915_5bb17a4c-94b9-49bb-815d-2c8c55570bb8::span:4282:4293	0915_5bb17a4c-94b9-49bb-815d-2c8c55570bb8::span:4216:4227	-1
0915_5bb17a4c-94b9-49bb-815d-2c8c55570bb8::span:4282:4293	0915_5bb17a4c-94b9-49bb-815d-2c8c55570bb8::span:4187:4201	-1
0915_5bb17a4c-94b9-49bb-815d-2c8c55570bb8::span:4216:4227	0915_5bb17a4c-94b9-49bb-815d-2c8c55570bb8::span:4187:4201	-1
0937_2841ea9b-9e7a-4d40-b55c-7745035dfdf8::span:769:785	0937_2841ea9b-9e7a-4d40-b55c-7745035dfdf8::span:866:869	-1
0915_5bb17a4c-94b9-49bb-815d-2c8c55570bb8::span:2427:2438	0915_5bb17a4c-94b9-49bb-815d-2c8c55570bb8::span:2455:2470	-1
0915_5bb17a4c-94b9-49bb-815d-2c8c55570bb8::span:2525:2536	0915_5bb17a4c-94b9-49bb-815d-2c8c55570bb8::span:2542:2548	-1
0915_5bb17a4c-94b9-49bb-815d-2c8c55570bb8::span:2275:2286	0915_5bb17a4c-94b9-49bb-815d-2c8c55570bb8::span:2222:2234	-1
0908_19bc3777-94a7-4d86-903c-94504c7420df::span:0:12	0908_19bc3777-94a7-4d86-903c-94504c7420df::span:45:51	-1
0905_a9e0f535-9870-4a7c-a314-f9f00153b09f::span:289:296	0905_a9e0f535-9870-4a7c-a314-f9f00153b09f::span:252:258	-1
0905_a9e0f535-9870-4a7c-a314-f9f00153b09f::span:289:296	0905_a9e0f535-9870-4a7c-a314-f9f00153b09f::span:308:315	-1
0905_a9e0f535-9870-4a7c-a314-f9f00153b09f::span:252:258	0905_a9e0f535-9870-4a7c-a314-f9f00153b09f::span:308:315	-1
0948_04c84f3f-4c1e-43d2-a7e4-7cfd1833f148::span:3391:3397	0948_04c84f3f-4c1e-43d2-a7e4-7cfd1833f148::span:3336:3342	-1
0946_64f6cead-ac39-4ab1-894c-496407ea0081::span:1628:1631	0946_64f6cead-ac39-4ab1-894c-496407ea0081::span:1612:1615	-1
0946_64f6cead-ac39-4ab1-894c-496407ea0081::span:1628:1631	0946_64f6cead-ac39-4ab1-894c-496407ea0081::span:1548:1552	-1
0946_64f6cead-ac39-4ab1-894c-496407ea0081::span:1628:1631	0946_64f6cead-ac39-4ab1-894c-496407ea0081::span:1621:1625	-1
0946_64f6cead-ac39-4ab1-894c-496407ea0081::span:1612:1615	0946_64f6cead-ac39-4ab1-894c-496407ea0081::span:1548:1552	-1
0946_64f6cead-ac39-4ab1-894c-496407ea0081::span:1612:1615	0946_64f6cead-ac39-4ab1-894c-496407ea0081::span:1621:1625	-1
0946_64f6cead-ac39-4ab1-894c-496407ea0081::span:1548:1552	0946_64f6cead-ac39-4ab1-894c-496407ea0081::span:1621:1625	-1
0919_37149bd8-6033-494d-aefe-b55312a71dc4::span:3502:3512	0919_37149bd8-6033-494d-aefe-b55312a71dc4::span:3444:3454	-1
0908_19bc3777-94a7-4d86-903c-94504c7420df::span:1522:1523	0908_19bc3777-94a7-4d86-903c-94504c7420df::span:1488:1489	-1
0908_19bc3777-94a7-4d86-903c-94504c7420df::span:1522:1523	0908_19bc3777-94a7-4d86-903c-94504c7420df::span:1463:1466	-1
0908_19bc3777-94a7-4d86-903c-94504c7420df::span:1522:1523	0908_19bc3777-94a7-4d86-903c-94504c7420df::span:1438:1444	-1
0908_19bc3777-94a7-4d86-903c-94504c7420df::span:1488:1489	0908_19bc3777-94a7-4d86-903c-94504c7420df::span:1463:1466	-1
0908_19bc3777-94a7-4d86-903c-94504c7420df::span:1488:1489	0908_19bc3777-94a7-4d86-903c-94504c7420df::span:1438:1444	-1
0908_19bc3777-94a7-4d86-903c-94504c7420df::span:1463:1466	0908_19bc3777-94a7-4d86-903c-94504c7420df::span:1438:1444	-1
0949_04e0ec92-e2b0-4abe-be41-9e93da8bcd83::span:2:10	0949_04e0ec92-e2b0-4abe-be41-9e93da8bcd83::span:166:177	-1
0910_d2589e20-bd42-4e20-a8c0-9684cda04f30::span:351:355	0910_d2589e20-bd42-4e20-a8c0-9684cda04f30::span:238:247	-1
0926_7351f501-5b1f-4c2e-8093-efe3a98d5b8f::span:5638:5646	0926_7351f501-5b1f-4c2e-8093-efe3a98d5b8f::span:5742:5745	-1
0926_7351f501-5b1f-4c2e-8093-efe3a98d5b8f::span:4907:4912	0926_7351f501-5b1f-4c2e-8093-efe3a98d5b8f::span:4953:4958	-1
0926_7351f501-5b1f-4c2e-8093-efe3a98d5b8f::span:4907:4912	0926_7351f501-5b1f-4c2e-8093-efe3a98d5b8f::span:4879:4888	-1
0926_7351f501-5b1f-4c2e-8093-efe3a98d5b8f::span:4953:4958	0926_7351f501-5b1f-4c2e-8093-efe3a98d5b8f::span:4879:4888	-1
0936_a9ab5a03-6d39-4a4d-b415-3b5a70631854::span:2895:2911	0936_a9ab5a03-6d39-4a4d-b415-3b5a70631854::span:2880:2889	-1
0910_d2589e20-bd42-4e20-a8c0-9684cda04f30::span:999:1006	0910_d2589e20-bd42-4e20-a8c0-9684cda04f30::span:1049:1058	-1
0910_d2589e20-bd42-4e20-a8c0-9684cda04f30::span:999:1006	0910_d2589e20-bd42-4e20-a8c0-9684cda04f30::span:929:940	-1
0910_d2589e20-bd42-4e20-a8c0-9684cda04f30::span:999:1006	0910_d2589e20-bd42-4e20-a8c0-9684cda04f30::span:1034:1038	-1
0910_d2589e20-bd42-4e20-a8c0-9684cda04f30::span:1049:1058	0910_d2589e20-bd42-4e20-a8c0-9684cda04f30::span:929:940	-1
0910_d2589e20-bd42-4e20-a8c0-9684cda04f30::span:1049:1058	0910_d2589e20-bd42-4e20-a8c0-9684cda04f30::span:1034:1038	-1
0910_d2589e20-bd42-4e20-a8c0-9684cda04f30::span:929:940	0910_d2589e20-bd42-4e20-a8c0-9684cda04f30::span:1034:1038	-1
0935_b12f0805-57dc-47ce-adbe-a7f09ec4fcbb::span:7112:7123	0935_b12f0805-57dc-47ce-adbe-a7f09ec4fcbb::span:6860:6865	-1
0935_b12f0805-57dc-47ce-adbe-a7f09ec4fcbb::span:9094:9099	0935_b12f0805-57dc-47ce-adbe-a7f09ec4fcbb::span:9079:9083	-1
0910_d2589e20-bd42-4e20-a8c0-9684cda04f30::span:1261:1272	0910_d2589e20-bd42-4e20-a8c0-9684cda04f30::span:1305:1309	-1
0935_b12f0805-57dc-47ce-adbe-a7f09ec4fcbb::span:5569:5582	0935_b12f0805-57dc-47ce-adbe-a7f09ec4fcbb::span:5674:5685	-1
0931_3ddfa461-a842-4255-a006-8ea82da1428b::span:315:325	0931_3ddfa461-a842-4255-a006-8ea82da1428b::span:147:157	-1
0931_3ddfa461-a842-4255-a006-8ea82da1428b::span:315:325	0931_3ddfa461-a842-4255-a006-8ea82da1428b::span:131:143	-1
0931_3ddfa461-a842-4255-a006-8ea82da1428b::span:315:325	0931_3ddfa461-a842-4255-a006-8ea82da1428b::span:278:290	-1
0931_3ddfa461-a842-4255-a006-8ea82da1428b::span:147:157	0931_3ddfa461-a842-4255-a006-8ea82da1428b::span:131:143	-1
0931_3ddfa461-a842-4255-a006-8ea82da1428b::span:147:157	0931_3ddfa461-a842-4255-a006-8ea82da1428b::span:278:290	-1
0931_3ddfa461-a842-4255-a006-8ea82da1428b::span:131:143	0931_3ddfa461-a842-4255-a006-8ea82da1428b::span:278:290	-1
0935_b12f0805-57dc-47ce-adbe-a7f09ec4fcbb::span:5159:5170	0935_b12f0805-57dc-47ce-adbe-a7f09ec4fcbb::span:5011:5020	-1
0935_b12f0805-57dc-47ce-adbe-a7f09ec4fcbb::span:8865:8869	0935_b12f0805-57dc-47ce-adbe-a7f09ec4fcbb::span:8680:8690	-1
0948_04c84f3f-4c1e-43d2-a7e4-7cfd1833f148::span:1302:1315	0948_04c84f3f-4c1e-43d2-a7e4-7cfd1833f148::span:1248:1254	-1
0938_8b1af6c6-4674-45a0-b806-1ec9bb6a2336::span:3690:3703	0938_8b1af6c6-4674-45a0-b806-1ec9bb6a2336::span:3642:3656	-1
0908_19bc3777-94a7-4d86-903c-94504c7420df::span:4979:4989	0908_19bc3777-94a7-4d86-903c-94504c7420df::span:4957:4972	-1
0908_19bc3777-94a7-4d86-903c-94504c7420df::span:663:664	0908_19bc3777-94a7-4d86-903c-94504c7420df::span:594:600	-1
0943_6f61a7ed-7a37-446f-b577-f6fd5b81dc81::span:2266:2279	0943_6f61a7ed-7a37-446f-b577-f6fd5b81dc81::span:2177:2189	-1
0938_8b1af6c6-4674-45a0-b806-1ec9bb6a2336::span:2598:2609	0938_8b1af6c6-4674-45a0-b806-1ec9bb6a2336::span:2518:2529	-1
0938_8b1af6c6-4674-45a0-b806-1ec9bb6a2336::span:2598:2609	0938_8b1af6c6-4674-45a0-b806-1ec9bb6a2336::span:2535:2547	-1
0938_8b1af6c6-4674-45a0-b806-1ec9bb6a2336::span:2518:2529	0938_8b1af6c6-4674-45a0-b806-1ec9bb6a2336::span:2535:2547	-1
0943_6f61a7ed-7a37-446f-b577-f6fd5b81dc81::span:415:427	0943_6f61a7ed-7a37-446f-b577-f6fd5b81dc81::span:457:470	-1
0908_19bc3777-94a7-4d86-903c-94504c7420df::span:803:804	0908_19bc3777-94a7-4d86-903c-94504c7420df::span:758:761	-1
0908_19bc3777-94a7-4d86-903c-94504c7420df::span:803:804	0908_19bc3777-94a7-4d86-903c-94504c7420df::span:738:744	-1
0908_19bc3777-94a7-4d86-903c-94504c7420df::span:758:761	0908_19bc3777-94a7-4d86-903c-94504c7420df::span:738:744	-1
0943_6f61a7ed-7a37-446f-b577-f6fd5b81dc81::span:696:709	0943_6f61a7ed-7a37-446f-b577-f6fd5b81dc81::span:653:665	-1
0943_6f61a7ed-7a37-446f-b577-f6fd5b81dc81::span:181:194	0943_6f61a7ed-7a37-446f-b577-f6fd5b81dc81::span:138:150	-1
0938_8b1af6c6-4674-45a0-b806-1ec9bb6a2336::span:259:272	0938_8b1af6c6-4674-45a0-b806-1ec9bb6a2336::span:312:316	-1
0938_8b1af6c6-4674-45a0-b806-1ec9bb6a2336::span:259:272	0938_8b1af6c6-4674-45a0-b806-1ec9bb6a2336::span:305:308	-1
0938_8b1af6c6-4674-45a0-b806-1ec9bb6a2336::span:259:272	0938_8b1af6c6-4674-45a0-b806-1ec9bb6a2336::span:241:253	-1
0938_8b1af6c6-4674-45a0-b806-1ec9bb6a2336::span:312:316	0938_8b1af6c6-4674-45a0-b806-1ec9bb6a2336::span:305:308	-1
0938_8b1af6c6-4674-45a0-b806-1ec9bb6a2336::span:312:316	0938_8b1af6c6-4674-45a0-b806-1ec9bb6a2336::span:241:253	-1
0938_8b1af6c6-4674-45a0-b806-1ec9bb6a2336::span:305:308	0938_8b1af6c6-4674-45a0-b806-1ec9bb6a2336::span:241:253	-1
0948_04c84f3f-4c1e-43d2-a7e4-7cfd1833f148::span:990:1001	0948_04c84f3f-4c1e-43d2-a7e4-7cfd1833f148::span:1030:1036	-1
0913_10af65a5-41a3-49e3-964c-8fa98370ee39::span:3364:3375	0913_10af65a5-41a3-49e3-964c-8fa98370ee39::span:3302:3314	-1
0969_474d1e44-e2c2-4722-902c-039ab3300acb::span:4289:4304	0969_474d1e44-e2c2-4722-902c-039ab3300acb::span:4281:4285	-1
0969_474d1e44-e2c2-4722-902c-039ab3300acb::span:4289:4304	0969_474d1e44-e2c2-4722-902c-039ab3300acb::span:4366:4377	-1
0969_474d1e44-e2c2-4722-902c-039ab3300acb::span:4289:4304	0969_474d1e44-e2c2-4722-902c-039ab3300acb::span:4348:4362	-1
0969_474d1e44-e2c2-4722-902c-039ab3300acb::span:4281:4285	0969_474d1e44-e2c2-4722-902c-039ab3300acb::span:4366:4377	-1
0969_474d1e44-e2c2-4722-902c-039ab3300acb::span:4281:4285	0969_474d1e44-e2c2-4722-902c-039ab3300acb::span:4348:4362	-1
0969_474d1e44-e2c2-4722-902c-039ab3300acb::span:4366:4377	0969_474d1e44-e2c2-4722-902c-039ab3300acb::span:4348:4362	-1
0966_ad460e63-7bea-4891-bfbc-fd5d4af25892::span:4937:4949	0966_ad460e63-7bea-4891-bfbc-fd5d4af25892::span:4873:4877	-1
0971_6c427438-c471-4191-b84b-d0ea466a40e2::span:863:874	0971_6c427438-c471-4191-b84b-d0ea466a40e2::span:844:846	-1
0971_6c427438-c471-4191-b84b-d0ea466a40e2::span:531:542	0971_6c427438-c471-4191-b84b-d0ea466a40e2::span:545:552	-1
0971_6c427438-c471-4191-b84b-d0ea466a40e2::span:531:542	0971_6c427438-c471-4191-b84b-d0ea466a40e2::span:558:566	-1
0971_6c427438-c471-4191-b84b-d0ea466a40e2::span:545:552	0971_6c427438-c471-4191-b84b-d0ea466a40e2::span:558:566	-1
0966_ad460e63-7bea-4891-bfbc-fd5d4af25892::span:4427:4438	0966_ad460e63-7bea-4891-bfbc-fd5d4af25892::span:4333:4344	-1
0971_6c427438-c471-4191-b84b-d0ea466a40e2::span:227:240	0971_6c427438-c471-4191-b84b-d0ea466a40e2::span:164:180	-1
0993_7e859c86-8e2a-4e8f-9e57-f90c725487ce::span:1495:1505	0993_7e859c86-8e2a-4e8f-9e57-f90c725487ce::span:1541:1545	-1
0997_9e37c76e-f90a-4670-a914-99517c376783::span:56:68	0997_9e37c76e-f90a-4670-a914-99517c376783::span:133:144	-1
0980_f0ab14d7-e5fb-446a-b382-661956f5c156::span:1979:1985	0980_f0ab14d7-e5fb-446a-b382-661956f5c156::span:2025:2039	-1
0980_f0ab14d7-e5fb-446a-b382-661956f5c156::span:1979:1985	0980_f0ab14d7-e5fb-446a-b382-661956f5c156::span:1940:1944	-1
0980_f0ab14d7-e5fb-446a-b382-661956f5c156::span:2025:2039	0980_f0ab14d7-e5fb-446a-b382-661956f5c156::span:1940:1944	-1
0992_3187a4e9-0163-4411-9650-43ef00129884::span:116:127	0992_3187a4e9-0163-4411-9650-43ef00129884::span:129:147	-1
0992_3187a4e9-0163-4411-9650-43ef00129884::span:116:127	0992_3187a4e9-0163-4411-9650-43ef00129884::span:103:118	-1
0992_3187a4e9-0163-4411-9650-43ef00129884::span:116:127	0992_3187a4e9-0163-4411-9650-43ef00129884::span:120:135	-1
0992_3187a4e9-0163-4411-9650-43ef00129884::span:116:127	0992_3187a4e9-0163-4411-9650-43ef00129884::span:124:140	-1
0992_3187a4e9-0163-4411-9650-43ef00129884::span:116:127	0992_3187a4e9-0163-4411-9650-43ef00129884::span:113:122	-1
0992_3187a4e9-0163-4411-9650-43ef00129884::span:116:127	0992_3187a4e9-0163-4411-9650-43ef00129884::span:45:68	-1
0992_3187a4e9-0163-4411-9650-43ef00129884::span:129:147	0992_3187a4e9-0163-4411-9650-43ef00129884::span:103:118	-1
0992_3187a4e9-0163-4411-9650-43ef00129884::span:129:147	0992_3187a4e9-0163-4411-9650-43ef00129884::span:120:135	-1
0992_3187a4e9-0163-4411-9650-43ef00129884::span:129:147	0992_3187a4e9-0163-4411-9650-43ef00129884::span:124:140	-1
0992_3187a4e9-0163-4411-9650-43ef00129884::span:129:147	0992_3187a4e9-0163-4411-9650-43ef00129884::span:113:122	-1
0992_3187a4e9-0163-4411-9650-43ef00129884::span:129:147	0992_3187a4e9-0163-4411-9650-43ef00129884::span:45:68	-1
0992_3187a4e9-0163-4411-9650-43ef00129884::span:103:118	0992_3187a4e9-0163-4411-9650-43ef00129884::span:120:135	-1
0992_3187a4e9-0163-4411-9650-43ef00129884::span:103:118	0992_3187a4e9-0163-4411-9650-43ef00129884::span:124:140	-1
0992_3187a4e9-0163-4411-9650-43ef00129884::span:103:118	0992_3187a4e9-0163-4411-9650-43ef00129884::span:113:122	-1
0992_3187a4e9-0163-4411-9650-43ef00129884::span:103:118	0992_3187a4e9-0163-4411-9650-43ef00129884::span:45:68	-1
0992_3187a4e9-0163-4411-9650-43ef00129884::span:120:135	0992_3187a4e9-0163-4411-9650-43ef00129884::span:124:140	-1
0992_3187a4e9-0163-4411-9650-43ef00129884::span:120:135	0992_3187a4e9-0163-4411-9650-43ef00129884::span:113:122	-1
0992_3187a4e9-0163-4411-9650-43ef00129884::span:120:135	0992_3187a4e9-0163-4411-9650-43ef00129884::span:45:68	-1
0992_3187a4e9-0163-4411-9650-43ef00129884::span:124:140	0992_3187a4e9-0163-4411-9650-43ef00129884::span:113:122	-1
0992_3187a4e9-0163-4411-9650-43ef00129884::span:124:140	0992_3187a4e9-0163-4411-9650-43ef00129884::span:45:68	-1
0992_3187a4e9-0163-4411-9650-43ef00129884::span:113:122	0992_3187a4e9-0163-4411-9650-43ef00129884::span:45:68	-1
0952_33066a53-a0a7-416e-af6b-ee5fd2196370::span:0:11	0952_33066a53-a0a7-416e-af6b-ee5fd2196370::span:39:54	-1
0993_7e859c86-8e2a-4e8f-9e57-f90c725487ce::span:334:346	0993_7e859c86-8e2a-4e8f-9e57-f90c725487ce::span:271:275	-1
0994_d4e350f6-680e-47e9-b929-3c7ed766267b::span:573:582	0994_d4e350f6-680e-47e9-b929-3c7ed766267b::span:690:697	-1
0994_d4e350f6-680e-47e9-b929-3c7ed766267b::span:573:582	0994_d4e350f6-680e-47e9-b929-3c7ed766267b::span:653:667	-1
0994_d4e350f6-680e-47e9-b929-3c7ed766267b::span:690:697	0994_d4e350f6-680e-47e9-b929-3c7ed766267b::span:653:667	-1
0965_4936741d-3ad2-45e1-9384-80475ee03e1c::span:509:517	0965_4936741d-3ad2-45e1-9384-80475ee03e1c::span:407:416	-1
0976_780ec73a-9edc-49c0-8d8b-0815e38e30ef::span:2368:2371	0976_780ec73a-9edc-49c0-8d8b-0815e38e30ef::span:2505:2508	-1
0976_780ec73a-9edc-49c0-8d8b-0815e38e30ef::span:2368:2371	0976_780ec73a-9edc-49c0-8d8b-0815e38e30ef::span:2546:2550	-1
0976_780ec73a-9edc-49c0-8d8b-0815e38e30ef::span:2368:2371	0976_780ec73a-9edc-49c0-8d8b-0815e38e30ef::span:2312:2322	-1
0976_780ec73a-9edc-49c0-8d8b-0815e38e30ef::span:2505:2508	0976_780ec73a-9edc-49c0-8d8b-0815e38e30ef::span:2546:2550	-1
0976_780ec73a-9edc-49c0-8d8b-0815e38e30ef::span:2505:2508	0976_780ec73a-9edc-49c0-8d8b-0815e38e30ef::span:2312:2322	-1
0976_780ec73a-9edc-49c0-8d8b-0815e38e30ef::span:2546:2550	0976_780ec73a-9edc-49c0-8d8b-0815e38e30ef::span:2312:2322	-1
0993_7e859c86-8e2a-4e8f-9e57-f90c725487ce::span:3494:3506	0993_7e859c86-8e2a-4e8f-9e57-f90c725487ce::span:3436:3440	-1
0983_d5d7cd17-a82b-4b9e-b94a-68d2598435e9::span:4029:4034	0983_d5d7cd17-a82b-4b9e-b94a-68d2598435e9::span:4091:4096	-1
0962_c60c7a34-173f-4ab1-9d66-0abdc667ff9b::span:111:114	0962_c60c7a34-173f-4ab1-9d66-0abdc667ff9b::span:61:65	-1
0979_fb66048f-26dd-4459-8176-c904b54a59d7::span:449:466	0979_fb66048f-26dd-4459-8176-c904b54a59d7::span:437:444	-1
0983_d5d7cd17-a82b-4b9e-b94a-68d2598435e9::span:9912:9918	0983_d5d7cd17-a82b-4b9e-b94a-68d2598435e9::span:9888:9897	-1
0983_d5d7cd17-a82b-4b9e-b94a-68d2598435e9::span:9912:9918	0983_d5d7cd17-a82b-4b9e-b94a-68d2598435e9::span:9933:9937	-1
0983_d5d7cd17-a82b-4b9e-b94a-68d2598435e9::span:9888:9897	0983_d5d7cd17-a82b-4b9e-b94a-68d2598435e9::span:9933:9937	-1
0983_d5d7cd17-a82b-4b9e-b94a-68d2598435e9::span:8561:8570	0983_d5d7cd17-a82b-4b9e-b94a-68d2598435e9::span:8467:8473	-1
0983_d5d7cd17-a82b-4b9e-b94a-68d2598435e9::span:10539:10551	0983_d5d7cd17-a82b-4b9e-b94a-68d2598435e9::span:10600:10610	-1
0983_d5d7cd17-a82b-4b9e-b94a-68d2598435e9::span:9203:9209	0983_d5d7cd17-a82b-4b9e-b94a-68d2598435e9::span:9100:9105	-1
0983_d5d7cd17-a82b-4b9e-b94a-68d2598435e9::span:8724:8730	0983_d5d7cd17-a82b-4b9e-b94a-68d2598435e9::span:8787:8796	-1
0981_7b29861d-746b-450e-b9e5-52db4d17b15e::span:609:613	0981_7b29861d-746b-450e-b9e5-52db4d17b15e::span:663:679	1
0983_d5d7cd17-a82b-4b9e-b94a-68d2598435e9::span:7725:7731	0983_d5d7cd17-a82b-4b9e-b94a-68d2598435e9::span:7909:7924	-1
0983_d5d7cd17-a82b-4b9e-b94a-68d2598435e9::span:3855:3860	0983_d5d7cd17-a82b-4b9e-b94a-68d2598435e9::span:3732:3738	-1
0969_474d1e44-e2c2-4722-902c-039ab3300acb::span:96:109	0969_474d1e44-e2c2-4722-902c-039ab3300acb::span:138:143	-1
0979_fb66048f-26dd-4459-8176-c904b54a59d7::span:1547:1557	0979_fb66048f-26dd-4459-8176-c904b54a59d7::span:1541:1543	-1
0955_6f06243e-cc4f-4627-b6b9-cccccf33213e::span:695:699	0955_6f06243e-cc4f-4627-b6b9-cccccf33213e::span:668:679	-1
0988_54ce3f1c-7c7f-439d-a30c-58d4bc51e603::span:50:60	0988_54ce3f1c-7c7f-439d-a30c-58d4bc51e603::span:66:76	-1
0991_7bbf599e-91ac-4bd3-b3c8-a11e965b2282::span:4734:4739	0991_7bbf599e-91ac-4bd3-b3c8-a11e965b2282::span:4809:4828	-1
0991_7bbf599e-91ac-4bd3-b3c8-a11e965b2282::span:4734:4739	0991_7bbf599e-91ac-4bd3-b3c8-a11e965b2282::span:4917:4930	-1
0991_7bbf599e-91ac-4bd3-b3c8-a11e965b2282::span:4809:4828	0991_7bbf599e-91ac-4bd3-b3c8-a11e965b2282::span:4917:4930	-1
0987_b1ccb02d-a55d-4eb0-aa75-53aa63955167::span:5708:5722	0987_b1ccb02d-a55d-4eb0-aa75-53aa63955167::span:5748:5754	1
0956_75c070fd-e315-4e78-a922-cdff0c330eff::span:1740:1743	0956_75c070fd-e315-4e78-a922-cdff0c330eff::span:1824:1827	-1
0956_75c070fd-e315-4e78-a922-cdff0c330eff::span:1740:1743	0956_75c070fd-e315-4e78-a922-cdff0c330eff::span:1792:1805	-1
0956_75c070fd-e315-4e78-a922-cdff0c330eff::span:1740:1743	0956_75c070fd-e315-4e78-a922-cdff0c330eff::span:1715:1719	-1
0956_75c070fd-e315-4e78-a922-cdff0c330eff::span:1824:1827	0956_75c070fd-e315-4e78-a922-cdff0c330eff::span:1792:1805	-1
0956_75c070fd-e315-4e78-a922-cdff0c330eff::span:1824:1827	0956_75c070fd-e315-4e78-a922-cdff0c330eff::span:1715:1719	-1
0956_75c070fd-e315-4e78-a922-cdff0c330eff::span:1792:1805	0956_75c070fd-e315-4e78-a922-cdff0c330eff::span:1715:1719	-1
0956_75c070fd-e315-4e78-a922-cdff0c330eff::span:1556:1568	0956_75c070fd-e315-4e78-a922-cdff0c330eff::span:1477:1483	-1
0956_75c070fd-e315-4e78-a922-cdff0c330eff::span:1448:1454	0956_75c070fd-e315-4e78-a922-cdff0c330eff::span:1411:1415	-1
0956_75c070fd-e315-4e78-a922-cdff0c330eff::span:1166:1170	0956_75c070fd-e315-4e78-a922-cdff0c330eff::span:1257:1261	-1
0956_75c070fd-e315-4e78-a922-cdff0c330eff::span:1166:1170	0956_75c070fd-e315-4e78-a922-cdff0c330eff::span:1312:1323	-1
0956_75c070fd-e315-4e78-a922-cdff0c330eff::span:1166:1170	0956_75c070fd-e315-4e78-a922-cdff0c330eff::span:1137:1141	-1
0956_75c070fd-e315-4e78-a922-cdff0c330eff::span:1257:1261	0956_75c070fd-e315-4e78-a922-cdff0c330eff::span:1312:1323	-1
0956_75c070fd-e315-4e78-a922-cdff0c330eff::span:1257:1261	0956_75c070fd-e315-4e78-a922-cdff0c330eff::span:1137:1141	-1
0956_75c070fd-e315-4e78-a922-cdff0c330eff::span:1312:1323	0956_75c070fd-e315-4e78-a922-cdff0c330eff::span:1137:1141	-1
0988_54ce3f1c-7c7f-439d-a30c-58d4bc51e603::span:619:623	0988_54ce3f1c-7c7f-439d-a30c-58d4bc51e603::span:594:598	-1
0986_67e8bfc6-da54-4b83-ad87-120c45c1115d::span:374:395	0986_67e8bfc6-da54-4b83-ad87-120c45c1115d::span:254:261	-1
0960_0fd8887d-9134-427b-8594-0b0be0e17c97::span:1252:1261	0960_0fd8887d-9134-427b-8594-0b0be0e17c97::span:1382:1395	-1
0960_0fd8887d-9134-427b-8594-0b0be0e17c97::span:1420:1432	0960_0fd8887d-9134-427b-8594-0b0be0e17c97::span:1540:1547	-1
0960_0fd8887d-9134-427b-8594-0b0be0e17c97::span:306:313	0960_0fd8887d-9134-427b-8594-0b0be0e17c97::span:264:274	-1
0960_0fd8887d-9134-427b-8594-0b0be0e17c97::span:2521:2532	0960_0fd8887d-9134-427b-8594-0b0be0e17c97::span:2546:2555	-1
0976_780ec73a-9edc-49c0-8d8b-0815e38e30ef::span:1011:1014	0976_780ec73a-9edc-49c0-8d8b-0815e38e30ef::span:1020:1024	-1
0976_780ec73a-9edc-49c0-8d8b-0815e38e30ef::span:830:834	0976_780ec73a-9edc-49c0-8d8b-0815e38e30ef::span:821:824	-1
0976_780ec73a-9edc-49c0-8d8b-0815e38e30ef::span:665:669	0976_780ec73a-9edc-49c0-8d8b-0815e38e30ef::span:559:562	-1
0976_780ec73a-9edc-49c0-8d8b-0815e38e30ef::span:665:669	0976_780ec73a-9edc-49c0-8d8b-0815e38e30ef::span:603:607	-1
0976_780ec73a-9edc-49c0-8d8b-0815e38e30ef::span:559:562	0976_780ec73a-9edc-49c0-8d8b-0815e38e30ef::span:603:607	-1
0976_780ec73a-9edc-49c0-8d8b-0815e38e30ef::span:511:520	0976_780ec73a-9edc-49c0-8d8b-0815e38e30ef::span:543:555	-1
0976_780ec73a-9edc-49c0-8d8b-0815e38e30ef::span:511:520	0976_780ec73a-9edc-49c0-8d8b-0815e38e30ef::span:523:536	-1
0976_780ec73a-9edc-49c0-8d8b-0815e38e30ef::span:543:555	0976_780ec73a-9edc-49c0-8d8b-0815e38e30ef::span:523:536	-1
0976_780ec73a-9edc-49c0-8d8b-0815e38e30ef::span:380:383	0976_780ec73a-9edc-49c0-8d8b-0815e38e30ef::span:370:374	-1
0976_780ec73a-9edc-49c0-8d8b-0815e38e30ef::span:232:247	0976_780ec73a-9edc-49c0-8d8b-0815e38e30ef::span:216:226	-1
0986_67e8bfc6-da54-4b83-ad87-120c45c1115d::span:820:833	0986_67e8bfc6-da54-4b83-ad87-120c45c1115d::span:849:855	-1
0985_06e9b298-992c-44bb-bafe-110cb796d061::span:614:623	0985_06e9b298-992c-44bb-bafe-110cb796d061::span:637:648	-1
0997_9e37c76e-f90a-4670-a914-99517c376783::span:1445:1456	0997_9e37c76e-f90a-4670-a914-99517c376783::span:1533:1543	-1
0997_9e37c76e-f90a-4670-a914-99517c376783::span:1445:1456	0997_9e37c76e-f90a-4670-a914-99517c376783::span:1492:1504	-1
0997_9e37c76e-f90a-4670-a914-99517c376783::span:1533:1543	0997_9e37c76e-f90a-4670-a914-99517c376783::span:1492:1504	-1
0955_6f06243e-cc4f-4627-b6b9-cccccf33213e::span:992:996	0955_6f06243e-cc4f-4627-b6b9-cccccf33213e::span:1178:1182	-1
0997_9e37c76e-f90a-4670-a914-99517c376783::span:2092:2103	0997_9e37c76e-f90a-4670-a914-99517c376783::span:2137:2146	-1
0997_9e37c76e-f90a-4670-a914-99517c376783::span:2092:2103	0997_9e37c76e-f90a-4670-a914-99517c376783::span:2053:2065	-1
0997_9e37c76e-f90a-4670-a914-99517c376783::span:2092:2103	0997_9e37c76e-f90a-4670-a914-99517c376783::span:2117:2131	-1
0997_9e37c76e-f90a-4670-a914-99517c376783::span:2137:2146	0997_9e37c76e-f90a-4670-a914-99517c376783::span:2053:2065	-1
0997_9e37c76e-f90a-4670-a914-99517c376783::span:2137:2146	0997_9e37c76e-f90a-4670-a914-99517c376783::span:2117:2131	-1
0997_9e37c76e-f90a-4670-a914-99517c376783::span:2053:2065	0997_9e37c76e-f90a-4670-a914-99517c376783::span:2117:2131	-1
0962_c60c7a34-173f-4ab1-9d66-0abdc667ff9b::span:3487:3498	0962_c60c7a34-173f-4ab1-9d66-0abdc667ff9b::span:3607:3618	-1
0962_c60c7a34-173f-4ab1-9d66-0abdc667ff9b::span:3487:3498	0962_c60c7a34-173f-4ab1-9d66-0abdc667ff9b::span:3587:3590	-1
0962_c60c7a34-173f-4ab1-9d66-0abdc667ff9b::span:3487:3498	0962_c60c7a34-173f-4ab1-9d66-0abdc667ff9b::span:3473:3484	-1
0962_c60c7a34-173f-4ab1-9d66-0abdc667ff9b::span:3607:3618	0962_c60c7a34-173f-4ab1-9d66-0abdc667ff9b::span:3587:3590	-1
0962_c60c7a34-173f-4ab1-9d66-0abdc667ff9b::span:3607:3618	0962_c60c7a34-173f-4ab1-9d66-0abdc667ff9b::span:3473:3484	-1
0962_c60c7a34-173f-4ab1-9d66-0abdc667ff9b::span:3587:3590	0962_c60c7a34-173f-4ab1-9d66-0abdc667ff9b::span:3473:3484	-1
0960_0fd8887d-9134-427b-8594-0b0be0e17c97::span:2417:2420	0960_0fd8887d-9134-427b-8594-0b0be0e17c97::span:2448:2453	-1
0960_0fd8887d-9134-427b-8594-0b0be0e17c97::span:2417:2420	0960_0fd8887d-9134-427b-8594-0b0be0e17c97::span:2386:2392	-1
0960_0fd8887d-9134-427b-8594-0b0be0e17c97::span:2448:2453	0960_0fd8887d-9134-427b-8594-0b0be0e17c97::span:2386:2392	-1
0962_c60c7a34-173f-4ab1-9d66-0abdc667ff9b::span:2539:2542	0962_c60c7a34-173f-4ab1-9d66-0abdc667ff9b::span:2583:2587	-1
0962_c60c7a34-173f-4ab1-9d66-0abdc667ff9b::span:2539:2542	0962_c60c7a34-173f-4ab1-9d66-0abdc667ff9b::span:2526:2529	-1
0962_c60c7a34-173f-4ab1-9d66-0abdc667ff9b::span:2583:2587	0962_c60c7a34-173f-4ab1-9d66-0abdc667ff9b::span:2526:2529	-1
0962_c60c7a34-173f-4ab1-9d66-0abdc667ff9b::span:2147:2150	0962_c60c7a34-173f-4ab1-9d66-0abdc667ff9b::span:2153:2165	-1
0962_c60c7a34-173f-4ab1-9d66-0abdc667ff9b::span:1875:1894	0962_c60c7a34-173f-4ab1-9d66-0abdc667ff9b::span:1900:1913	-1
0991_7bbf599e-91ac-4bd3-b3c8-a11e965b2282::span:4177:4190	0991_7bbf599e-91ac-4bd3-b3c8-a11e965b2282::span:4066:4071	-1
0991_7bbf599e-91ac-4bd3-b3c8-a11e965b2282::span:4177:4190	0991_7bbf599e-91ac-4bd3-b3c8-a11e965b2282::span:4225:4235	-1
0991_7bbf599e-91ac-4bd3-b3c8-a11e965b2282::span:4177:4190	0991_7bbf599e-91ac-4bd3-b3c8-a11e965b2282::span:4032:4037	-1
0991_7bbf599e-91ac-4bd3-b3c8-a11e965b2282::span:4066:4071	0991_7bbf599e-91ac-4bd3-b3c8-a11e965b2282::span:4225:4235	-1
0991_7bbf599e-91ac-4bd3-b3c8-a11e965b2282::span:4066:4071	0991_7bbf599e-91ac-4bd3-b3c8-a11e965b2282::span:4032:4037	-1
0991_7bbf599e-91ac-4bd3-b3c8-a11e965b2282::span:4225:4235	0991_7bbf599e-91ac-4bd3-b3c8-a11e965b2282::span:4032:4037	-1
0962_c60c7a34-173f-4ab1-9d66-0abdc667ff9b::span:848:865	0962_c60c7a34-173f-4ab1-9d66-0abdc667ff9b::span:968:980	-1
0962_c60c7a34-173f-4ab1-9d66-0abdc667ff9b::span:647:656	0962_c60c7a34-173f-4ab1-9d66-0abdc667ff9b::span:520:530	-1
0962_c60c7a34-173f-4ab1-9d66-0abdc667ff9b::span:647:656	0962_c60c7a34-173f-4ab1-9d66-0abdc667ff9b::span:636:641	-1
0962_c60c7a34-173f-4ab1-9d66-0abdc667ff9b::span:520:530	0962_c60c7a34-173f-4ab1-9d66-0abdc667ff9b::span:636:641	-1
0993_7e859c86-8e2a-4e8f-9e57-f90c725487ce::span:2490:2496	0993_7e859c86-8e2a-4e8f-9e57-f90c725487ce::span:2508:2512	-1
0993_7e859c86-8e2a-4e8f-9e57-f90c725487ce::span:2490:2496	0993_7e859c86-8e2a-4e8f-9e57-f90c725487ce::span:2529:2533	-1
0993_7e859c86-8e2a-4e8f-9e57-f90c725487ce::span:2508:2512	0993_7e859c86-8e2a-4e8f-9e57-f90c725487ce::span:2529:2533	-1
0960_0fd8887d-9134-427b-8594-0b0be0e17c97::span:2216:2225	0960_0fd8887d-9134-427b-8594-0b0be0e17c97::span:2372:2377	-1
0960_0fd8887d-9134-427b-8594-0b0be0e17c97::span:2216:2225	0960_0fd8887d-9134-427b-8594-0b0be0e17c97::span:2309:2321	-1
0960_0fd8887d-9134-427b-8594-0b0be0e17c97::span:2372:2377	0960_0fd8887d-9134-427b-8594-0b0be0e17c97::span:2309:2321	-1
0972_657ff59b-77f6-447e-be68-3231650d689e::span:4299:4306	0972_657ff59b-77f6-447e-be68-3231650d689e::span:4268:4273	-1
0963_d662b796-9e7d-4cdc-b02b-51f2b6b030e9::span:2612:2625	0963_d662b796-9e7d-4cdc-b02b-51f2b6b030e9::span:2521:2525	-1
0963_d662b796-9e7d-4cdc-b02b-51f2b6b030e9::span:2166:2171	0963_d662b796-9e7d-4cdc-b02b-51f2b6b030e9::span:2313:2317	-1
0963_d662b796-9e7d-4cdc-b02b-51f2b6b030e9::span:2118:2122	0963_d662b796-9e7d-4cdc-b02b-51f2b6b030e9::span:2107:2112	-1
0955_6f06243e-cc4f-4627-b6b9-cccccf33213e::span:494:506	0955_6f06243e-cc4f-4627-b6b9-cccccf33213e::span:406:414	-1
0969_474d1e44-e2c2-4722-902c-039ab3300acb::span:5835:5849	0969_474d1e44-e2c2-4722-902c-039ab3300acb::span:5898:5908	-1
0984_b235c313-8b10-4a13-b536-983a47a75168::span:425:437	0984_b235c313-8b10-4a13-b536-983a47a75168::span:481:496	-1
0955_6f06243e-cc4f-4627-b6b9-cccccf33213e::span:168:176	0955_6f06243e-cc4f-4627-b6b9-cccccf33213e::span:4:15	-1
0955_6f06243e-cc4f-4627-b6b9-cccccf33213e::span:168:176	0955_6f06243e-cc4f-4627-b6b9-cccccf33213e::span:181:187	-1
0955_6f06243e-cc4f-4627-b6b9-cccccf33213e::span:4:15	0955_6f06243e-cc4f-4627-b6b9-cccccf33213e::span:181:187	-1
0983_d5d7cd17-a82b-4b9e-b94a-68d2598435e9::span:2220:2230	0983_d5d7cd17-a82b-4b9e-b94a-68d2598435e9::span:2191:2196	-1
0983_d5d7cd17-a82b-4b9e-b94a-68d2598435e9::span:2220:2230	0983_d5d7cd17-a82b-4b9e-b94a-68d2598435e9::span:2331:2345	-1
0983_d5d7cd17-a82b-4b9e-b94a-68d2598435e9::span:2220:2230	0983_d5d7cd17-a82b-4b9e-b94a-68d2598435e9::span:2131:2135	-1
0983_d5d7cd17-a82b-4b9e-b94a-68d2598435e9::span:2191:2196	0983_d5d7cd17-a82b-4b9e-b94a-68d2598435e9::span:2331:2345	-1
0983_d5d7cd17-a82b-4b9e-b94a-68d2598435e9::span:2191:2196	0983_d5d7cd17-a82b-4b9e-b94a-68d2598435e9::span:2131:2135	-1
0983_d5d7cd17-a82b-4b9e-b94a-68d2598435e9::span:2331:2345	0983_d5d7cd17-a82b-4b9e-b94a-68d2598435e9::span:2131:2135	-1
0983_d5d7cd17-a82b-4b9e-b94a-68d2598435e9::span:2037:2043	0983_d5d7cd17-a82b-4b9e-b94a-68d2598435e9::span:2086:2096	-1
0983_d5d7cd17-a82b-4b9e-b94a-68d2598435e9::span:2037:2043	0983_d5d7cd17-a82b-4b9e-b94a-68d2598435e9::span:2001:2007	-1
0983_d5d7cd17-a82b-4b9e-b94a-68d2598435e9::span:2086:2096	0983_d5d7cd17-a82b-4b9e-b94a-68d2598435e9::span:2001:2007	-1
0983_d5d7cd17-a82b-4b9e-b94a-68d2598435e9::span:1921:1935	0983_d5d7cd17-a82b-4b9e-b94a-68d2598435e9::span:1878:1883	-1
0983_d5d7cd17-a82b-4b9e-b94a-68d2598435e9::span:1921:1935	0983_d5d7cd17-a82b-4b9e-b94a-68d2598435e9::span:1841:1847	-1
0983_d5d7cd17-a82b-4b9e-b94a-68d2598435e9::span:1878:1883	0983_d5d7cd17-a82b-4b9e-b94a-68d2598435e9::span:1841:1847	-1
0983_d5d7cd17-a82b-4b9e-b94a-68d2598435e9::span:2464:2469	0983_d5d7cd17-a82b-4b9e-b94a-68d2598435e9::span:2432:2437	-1
0983_d5d7cd17-a82b-4b9e-b94a-68d2598435e9::span:2464:2469	0983_d5d7cd17-a82b-4b9e-b94a-68d2598435e9::span:2385:2391	-1
0983_d5d7cd17-a82b-4b9e-b94a-68d2598435e9::span:2432:2437	0983_d5d7cd17-a82b-4b9e-b94a-68d2598435e9::span:2385:2391	-1
0983_d5d7cd17-a82b-4b9e-b94a-68d2598435e9::span:1539:1553	0983_d5d7cd17-a82b-4b9e-b94a-68d2598435e9::span:1628:1633	-1
0983_d5d7cd17-a82b-4b9e-b94a-68d2598435e9::span:1384:1389	0983_d5d7cd17-a82b-4b9e-b94a-68d2598435e9::span:1482:1492	-1
0983_d5d7cd17-a82b-4b9e-b94a-68d2598435e9::span:1384:1389	0983_d5d7cd17-a82b-4b9e-b94a-68d2598435e9::span:1421:1426	-1
0983_d5d7cd17-a82b-4b9e-b94a-68d2598435e9::span:1384:1389	0983_d5d7cd17-a82b-4b9e-b94a-68d2598435e9::span:1296:1312	-1
0983_d5d7cd17-a82b-4b9e-b94a-68d2598435e9::span:1482:1492	0983_d5d7cd17-a82b-4b9e-b94a-68d2598435e9::span:1421:1426	-1
0983_d5d7cd17-a82b-4b9e-b94a-68d2598435e9::span:1482:1492	0983_d5d7cd17-a82b-4b9e-b94a-68d2598435e9::span:1296:1312	-1
0983_d5d7cd17-a82b-4b9e-b94a-68d2598435e9::span:1421:1426	0983_d5d7cd17-a82b-4b9e-b94a-68d2598435e9::span:1296:1312	-1
0983_d5d7cd17-a82b-4b9e-b94a-68d2598435e9::span:771:775	0983_d5d7cd17-a82b-4b9e-b94a-68d2598435e9::span:728:741	-1
0983_d5d7cd17-a82b-4b9e-b94a-68d2598435e9::span:170:184	0983_d5d7cd17-a82b-4b9e-b94a-68d2598435e9::span:60:80	-1
0990_838defd8-c053-4f9b-9e33-b11b2ba899e0::span:2075:2086	0990_838defd8-c053-4f9b-9e33-b11b2ba899e0::span:1964:1973	-1
0966_ad460e63-7bea-4891-bfbc-fd5d4af25892::span:1937:1950	0966_ad460e63-7bea-4891-bfbc-fd5d4af25892::span:2074:2087	-1
0999_3754f5d1-4e7c-4f58-a426-14a1ddee3775::span:2831:2837	0999_3754f5d1-4e7c-4f58-a426-14a1ddee3775::span:2753:2759	-1
0983_d5d7cd17-a82b-4b9e-b94a-68d2598435e9::span:5466:5471	0983_d5d7cd17-a82b-4b9e-b94a-68d2598435e9::span:5315:5320	-1
0983_d5d7cd17-a82b-4b9e-b94a-68d2598435e9::span:5466:5471	0983_d5d7cd17-a82b-4b9e-b94a-68d2598435e9::span:5332:5346	-1
0983_d5d7cd17-a82b-4b9e-b94a-68d2598435e9::span:5315:5320	0983_d5d7cd17-a82b-4b9e-b94a-68d2598435e9::span:5332:5346	-1
0999_3754f5d1-4e7c-4f58-a426-14a1ddee3775::span:2082:2093	0999_3754f5d1-4e7c-4f58-a426-14a1ddee3775::span:2134:2145	-1
0999_3754f5d1-4e7c-4f58-a426-14a1ddee3775::span:1831:1845	0999_3754f5d1-4e7c-4f58-a426-14a1ddee3775::span:1925:1931	-1
0957_9defdde3-5c73-4dbf-abf0-2285461ba6c4::span:737:744	0957_9defdde3-5c73-4dbf-abf0-2285461ba6c4::span:769:774	-1
0957_9defdde3-5c73-4dbf-abf0-2285461ba6c4::span:737:744	0957_9defdde3-5c73-4dbf-abf0-2285461ba6c4::span:725:730	-1
0957_9defdde3-5c73-4dbf-abf0-2285461ba6c4::span:737:744	0957_9defdde3-5c73-4dbf-abf0-2285461ba6c4::span:793:799	-1
0957_9defdde3-5c73-4dbf-abf0-2285461ba6c4::span:769:774	0957_9defdde3-5c73-4dbf-abf0-2285461ba6c4::span:725:730	-1
0957_9defdde3-5c73-4dbf-abf0-2285461ba6c4::span:769:774	0957_9defdde3-5c73-4dbf-abf0-2285461ba6c4::span:793:799	-1
0957_9defdde3-5c73-4dbf-abf0-2285461ba6c4::span:725:730	0957_9defdde3-5c73-4dbf-abf0-2285461ba6c4::span:793:799	-1
0999_3754f5d1-4e7c-4f58-a426-14a1ddee3775::span:405:418	0999_3754f5d1-4e7c-4f58-a426-14a1ddee3775::span:549:555	-1
0982_f235ca78-3a0e-43eb-99d6-6c4683ffd240::span:1921:1924	0982_f235ca78-3a0e-43eb-99d6-6c4683ffd240::span:1914:1918	-1
0982_f235ca78-3a0e-43eb-99d6-6c4683ffd240::span:1921:1924	0982_f235ca78-3a0e-43eb-99d6-6c4683ffd240::span:1964:1974	-1
0982_f235ca78-3a0e-43eb-99d6-6c4683ffd240::span:1921:1924	0982_f235ca78-3a0e-43eb-99d6-6c4683ffd240::span:1909:1911	-1
0982_f235ca78-3a0e-43eb-99d6-6c4683ffd240::span:1914:1918	0982_f235ca78-3a0e-43eb-99d6-6c4683ffd240::span:1964:1974	-1
0982_f235ca78-3a0e-43eb-99d6-6c4683ffd240::span:1914:1918	0982_f235ca78-3a0e-43eb-99d6-6c4683ffd240::span:1909:1911	-1
0982_f235ca78-3a0e-43eb-99d6-6c4683ffd240::span:1964:1974	0982_f235ca78-3a0e-43eb-99d6-6c4683ffd240::span:1909:1911	-1
0982_f235ca78-3a0e-43eb-99d6-6c4683ffd240::span:1822:1832	0982_f235ca78-3a0e-43eb-99d6-6c4683ffd240::span:1751:1759	-1
0954_441c233d-7dcd-47cd-bcd1-bef777497fce::span:698:702	0954_441c233d-7dcd-47cd-bcd1-bef777497fce::span:714:727	-1
0982_f235ca78-3a0e-43eb-99d6-6c4683ffd240::span:1563:1575	0982_f235ca78-3a0e-43eb-99d6-6c4683ffd240::span:1626:1634	-1
0982_f235ca78-3a0e-43eb-99d6-6c4683ffd240::span:1563:1575	0982_f235ca78-3a0e-43eb-99d6-6c4683ffd240::span:1596:1606	-1
0982_f235ca78-3a0e-43eb-99d6-6c4683ffd240::span:1563:1575	0982_f235ca78-3a0e-43eb-99d6-6c4683ffd240::span:1581:1593	-1
0982_f235ca78-3a0e-43eb-99d6-6c4683ffd240::span:1626:1634	0982_f235ca78-3a0e-43eb-99d6-6c4683ffd240::span:1596:1606	-1
0982_f235ca78-3a0e-43eb-99d6-6c4683ffd240::span:1626:1634	0982_f235ca78-3a0e-43eb-99d6-6c4683ffd240::span:1581:1593	-1
0982_f235ca78-3a0e-43eb-99d6-6c4683ffd240::span:1596:1606	0982_f235ca78-3a0e-43eb-99d6-6c4683ffd240::span:1581:1593	-1
0982_f235ca78-3a0e-43eb-99d6-6c4683ffd240::span:1471:1483	0982_f235ca78-3a0e-43eb-99d6-6c4683ffd240::span:1520:1532	-1
0998_225b7339-cfa8-4801-be39-bc1631ecf7de::span:1518:1532	0998_225b7339-cfa8-4801-be39-bc1631ecf7de::span:1590:1592	-1
0982_f235ca78-3a0e-43eb-99d6-6c4683ffd240::span:547:554	0982_f235ca78-3a0e-43eb-99d6-6c4683ffd240::span:556:566	-1
0982_f235ca78-3a0e-43eb-99d6-6c4683ffd240::span:547:554	0982_f235ca78-3a0e-43eb-99d6-6c4683ffd240::span:520:532	1
0982_f235ca78-3a0e-43eb-99d6-6c4683ffd240::span:556:566	0982_f235ca78-3a0e-43eb-99d6-6c4683ffd240::span:520:532	-1
0982_f235ca78-3a0e-43eb-99d6-6c4683ffd240::span:647:664	0982_f235ca78-3a0e-43eb-99d6-6c4683ffd240::span:670:682	-1
0956_75c070fd-e315-4e78-a922-cdff0c330eff::span:322:333	0956_75c070fd-e315-4e78-a922-cdff0c330eff::span:305:311	-1
0956_75c070fd-e315-4e78-a922-cdff0c330eff::span:322:333	0956_75c070fd-e315-4e78-a922-cdff0c330eff::span:459:470	-1
0956_75c070fd-e315-4e78-a922-cdff0c330eff::span:322:333	0956_75c070fd-e315-4e78-a922-cdff0c330eff::span:355:361	-1
0956_75c070fd-e315-4e78-a922-cdff0c330eff::span:305:311	0956_75c070fd-e315-4e78-a922-cdff0c330eff::span:459:470	-1
0956_75c070fd-e315-4e78-a922-cdff0c330eff::span:305:311	0956_75c070fd-e315-4e78-a922-cdff0c330eff::span:355:361	-1
0956_75c070fd-e315-4e78-a922-cdff0c330eff::span:459:470	0956_75c070fd-e315-4e78-a922-cdff0c330eff::span:355:361	-1
0959_20c6734e-339d-4ac1-a608-ab6d590060af::span:2972:2974	0959_20c6734e-339d-4ac1-a608-ab6d590060af::span:2908:2913	-1
0958_7c4b0e4b-e481-4902-a6d8-979193ccede0::span:1031:1038	0958_7c4b0e4b-e481-4902-a6d8-979193ccede0::span:1078:1084	-1
0958_7c4b0e4b-e481-4902-a6d8-979193ccede0::span:1031:1038	0958_7c4b0e4b-e481-4902-a6d8-979193ccede0::span:1019:1025	1
0958_7c4b0e4b-e481-4902-a6d8-979193ccede0::span:1078:1084	0958_7c4b0e4b-e481-4902-a6d8-979193ccede0::span:1019:1025	-1
0958_7c4b0e4b-e481-4902-a6d8-979193ccede0::span:923:927	0958_7c4b0e4b-e481-4902-a6d8-979193ccede0::span:970:976	-1
0959_20c6734e-339d-4ac1-a608-ab6d590060af::span:2700:2706	0959_20c6734e-339d-4ac1-a608-ab6d590060af::span:2667:2676	-1
0959_20c6734e-339d-4ac1-a608-ab6d590060af::span:0:16	0959_20c6734e-339d-4ac1-a608-ab6d590060af::span:3:27	-1
0991_7bbf599e-91ac-4bd3-b3c8-a11e965b2282::span:4300:4305	0991_7bbf599e-91ac-4bd3-b3c8-a11e965b2282::span:4345:4348	-1
0991_7bbf599e-91ac-4bd3-b3c8-a11e965b2282::span:4300:4305	0991_7bbf599e-91ac-4bd3-b3c8-a11e965b2282::span:4532:4544	-1
0991_7bbf599e-91ac-4bd3-b3c8-a11e965b2282::span:4345:4348	0991_7bbf599e-91ac-4bd3-b3c8-a11e965b2282::span:4532:4544	-1
0996_7651091d-e1a3-43c7-a103-e086ee664a33::span:1192:1201	0996_7651091d-e1a3-43c7-a103-e086ee664a33::span:1204:1210	-1
0996_7651091d-e1a3-43c7-a103-e086ee664a33::span:1192:1201	0996_7651091d-e1a3-43c7-a103-e086ee664a33::span:1241:1245	-1
0996_7651091d-e1a3-43c7-a103-e086ee664a33::span:1204:1210	0996_7651091d-e1a3-43c7-a103-e086ee664a33::span:1241:1245	-1
0996_7651091d-e1a3-43c7-a103-e086ee664a33::span:1056:1068	0996_7651091d-e1a3-43c7-a103-e086ee664a33::span:1023:1029	-1
0996_7651091d-e1a3-43c7-a103-e086ee664a33::span:880:891	0996_7651091d-e1a3-43c7-a103-e086ee664a33::span:848:854	-1
0996_7651091d-e1a3-43c7-a103-e086ee664a33::span:481:485	0996_7651091d-e1a3-43c7-a103-e086ee664a33::span:508:517	-1
0958_7c4b0e4b-e481-4902-a6d8-979193ccede0::span:1258:1270	0958_7c4b0e4b-e481-4902-a6d8-979193ccede0::span:1236:1242	-1
0996_7651091d-e1a3-43c7-a103-e086ee664a33::span:1397:1413	0996_7651091d-e1a3-43c7-a103-e086ee664a33::span:1330:1336	-1
0983_d5d7cd17-a82b-4b9e-b94a-68d2598435e9::span:5586:5599	0983_d5d7cd17-a82b-4b9e-b94a-68d2598435e9::span:5763:5768	-1
0983_d5d7cd17-a82b-4b9e-b94a-68d2598435e9::span:5586:5599	0983_d5d7cd17-a82b-4b9e-b94a-68d2598435e9::span:5781:5787	-1
0983_d5d7cd17-a82b-4b9e-b94a-68d2598435e9::span:5763:5768	0983_d5d7cd17-a82b-4b9e-b94a-68d2598435e9::span:5781:5787	-1
0952_33066a53-a0a7-416e-af6b-ee5fd2196370::span:162:177	0952_33066a53-a0a7-416e-af6b-ee5fd2196370::span:192:206	1
0953_7265e155-7e1e-4bcb-939f-0fe6d56a42d4::span:2707:2730	0953_7265e155-7e1e-4bcb-939f-0fe6d56a42d4::span:2674:2694	-1
0953_7265e155-7e1e-4bcb-939f-0fe6d56a42d4::span:1526:1546	0953_7265e155-7e1e-4bcb-939f-0fe6d56a42d4::span:1483:1490	-1
0953_7265e155-7e1e-4bcb-939f-0fe6d56a42d4::span:3489:3506	0953_7265e155-7e1e-4bcb-939f-0fe6d56a42d4::span:3639:3654	-1
0953_7265e155-7e1e-4bcb-939f-0fe6d56a42d4::span:249:269	0953_7265e155-7e1e-4bcb-939f-0fe6d56a42d4::span:81:86	-1
0953_7265e155-7e1e-4bcb-939f-0fe6d56a42d4::span:249:269	0953_7265e155-7e1e-4bcb-939f-0fe6d56a42d4::span:430:450	-1
0953_7265e155-7e1e-4bcb-939f-0fe6d56a42d4::span:249:269	0953_7265e155-7e1e-4bcb-939f-0fe6d56a42d4::span:600:617	-1
0953_7265e155-7e1e-4bcb-939f-0fe6d56a42d4::span:81:86	0953_7265e155-7e1e-4bcb-939f-0fe6d56a42d4::span:430:450	-1
0953_7265e155-7e1e-4bcb-939f-0fe6d56a42d4::span:81:86	0953_7265e155-7e1e-4bcb-939f-0fe6d56a42d4::span:600:617	-1
0953_7265e155-7e1e-4bcb-939f-0fe6d56a42d4::span:430:450	0953_7265e155-7e1e-4bcb-939f-0fe6d56a42d4::span:600:617	-1
0999_3754f5d1-4e7c-4f58-a426-14a1ddee3775::span:3246:3254	0999_3754f5d1-4e7c-4f58-a426-14a1ddee3775::span:3273:3283	-1
0981_7b29861d-746b-450e-b9e5-52db4d17b15e::span:1164:1167	0981_7b29861d-746b-450e-b9e5-52db4d17b15e::span:1136:1145	1
0976_780ec73a-9edc-49c0-8d8b-0815e38e30ef::span:5268:5271	0976_780ec73a-9edc-49c0-8d8b-0815e38e30ef::span:5258:5262	-1
0986_67e8bfc6-da54-4b83-ad87-120c45c1115d::span:2302:2319	0986_67e8bfc6-da54-4b83-ad87-120c45c1115d::span:2309:2323	-1
0976_780ec73a-9edc-49c0-8d8b-0815e38e30ef::span:4777:4781	0976_780ec73a-9edc-49c0-8d8b-0815e38e30ef::span:4732:4735	-1
0976_780ec73a-9edc-49c0-8d8b-0815e38e30ef::span:4777:4781	0976_780ec73a-9edc-49c0-8d8b-0815e38e30ef::span:4759:4766	-1
0976_780ec73a-9edc-49c0-8d8b-0815e38e30ef::span:4777:4781	0976_780ec73a-9edc-49c0-8d8b-0815e38e30ef::span:4741:4745	-1
0976_780ec73a-9edc-49c0-8d8b-0815e38e30ef::span:4732:4735	0976_780ec73a-9edc-49c0-8d8b-0815e38e30ef::span:4759:4766	-1
0976_780ec73a-9edc-49c0-8d8b-0815e38e30ef::span:4732:4735	0976_780ec73a-9edc-49c0-8d8b-0815e38e30ef::span:4741:4745	-1
0976_780ec73a-9edc-49c0-8d8b-0815e38e30ef::span:4759:4766	0976_780ec73a-9edc-49c0-8d8b-0815e38e30ef::span:4741:4745	-1
0976_780ec73a-9edc-49c0-8d8b-0815e38e30ef::span:4378:4393	0976_780ec73a-9edc-49c0-8d8b-0815e38e30ef::span:4295:4309	-1
0976_780ec73a-9edc-49c0-8d8b-0815e38e30ef::span:4378:4393	0976_780ec73a-9edc-49c0-8d8b-0815e38e30ef::span:4342:4350	-1
0976_780ec73a-9edc-49c0-8d8b-0815e38e30ef::span:4295:4309	0976_780ec73a-9edc-49c0-8d8b-0815e38e30ef::span:4342:4350	-1
0976_780ec73a-9edc-49c0-8d8b-0815e38e30ef::span:3647:3651	0976_780ec73a-9edc-49c0-8d8b-0815e38e30ef::span:3662:3665	-1
0981_7b29861d-746b-450e-b9e5-52db4d17b15e::span:1665:1672	0981_7b29861d-746b-450e-b9e5-52db4d17b15e::span:1517:1521	-1
0981_7b29861d-746b-450e-b9e5-52db4d17b15e::span:1665:1672	0981_7b29861d-746b-450e-b9e5-52db4d17b15e::span:1702:1706	-1
0981_7b29861d-746b-450e-b9e5-52db4d17b15e::span:1517:1521	0981_7b29861d-746b-450e-b9e5-52db4d17b15e::span:1702:1706	-1
0983_d5d7cd17-a82b-4b9e-b94a-68d2598435e9::span:8209:8211	0983_d5d7cd17-a82b-4b9e-b94a-68d2598435e9::span:8351:8366	-1
0983_d5d7cd17-a82b-4b9e-b94a-68d2598435e9::span:8209:8211	0983_d5d7cd17-a82b-4b9e-b94a-68d2598435e9::span:8440:8446	-1
0983_d5d7cd17-a82b-4b9e-b94a-68d2598435e9::span:8351:8366	0983_d5d7cd17-a82b-4b9e-b94a-68d2598435e9::span:8440:8446	-1
0983_d5d7cd17-a82b-4b9e-b94a-68d2598435e9::span:4548:4550	0983_d5d7cd17-a82b-4b9e-b94a-68d2598435e9::span:4397:4402	-1
0983_d5d7cd17-a82b-4b9e-b94a-68d2598435e9::span:4548:4550	0983_d5d7cd17-a82b-4b9e-b94a-68d2598435e9::span:4458:4472	-1
0983_d5d7cd17-a82b-4b9e-b94a-68d2598435e9::span:4397:4402	0983_d5d7cd17-a82b-4b9e-b94a-68d2598435e9::span:4458:4472	-1
0983_d5d7cd17-a82b-4b9e-b94a-68d2598435e9::span:7606:7610	0983_d5d7cd17-a82b-4b9e-b94a-68d2598435e9::span:7637:7643	-1
0983_d5d7cd17-a82b-4b9e-b94a-68d2598435e9::span:3946:3960	0983_d5d7cd17-a82b-4b9e-b94a-68d2598435e9::span:3967:3973	-1
0983_d5d7cd17-a82b-4b9e-b94a-68d2598435e9::span:3506:3517	0983_d5d7cd17-a82b-4b9e-b94a-68d2598435e9::span:3535:3537	-1
0979_fb66048f-26dd-4459-8176-c904b54a59d7::span:1707:1729	0979_fb66048f-26dd-4459-8176-c904b54a59d7::span:1739:1742	-1
0983_d5d7cd17-a82b-4b9e-b94a-68d2598435e9::span:6206:6217	0983_d5d7cd17-a82b-4b9e-b94a-68d2598435e9::span:6239:6249	-1
0983_d5d7cd17-a82b-4b9e-b94a-68d2598435e9::span:6206:6217	0983_d5d7cd17-a82b-4b9e-b94a-68d2598435e9::span:6036:6047	-1
0983_d5d7cd17-a82b-4b9e-b94a-68d2598435e9::span:6239:6249	0983_d5d7cd17-a82b-4b9e-b94a-68d2598435e9::span:6036:6047	-1
0983_d5d7cd17-a82b-4b9e-b94a-68d2598435e9::span:6657:6662	0983_d5d7cd17-a82b-4b9e-b94a-68d2598435e9::span:6674:6678	-1
0983_d5d7cd17-a82b-4b9e-b94a-68d2598435e9::span:6657:6662	0983_d5d7cd17-a82b-4b9e-b94a-68d2598435e9::span:6626:6632	-1
0983_d5d7cd17-a82b-4b9e-b94a-68d2598435e9::span:6657:6662	0983_d5d7cd17-a82b-4b9e-b94a-68d2598435e9::span:6785:6787	-1
0983_d5d7cd17-a82b-4b9e-b94a-68d2598435e9::span:6674:6678	0983_d5d7cd17-a82b-4b9e-b94a-68d2598435e9::span:6626:6632	-1
0983_d5d7cd17-a82b-4b9e-b94a-68d2598435e9::span:6674:6678	0983_d5d7cd17-a82b-4b9e-b94a-68d2598435e9::span:6785:6787	-1
0983_d5d7cd17-a82b-4b9e-b94a-68d2598435e9::span:6626:6632	0983_d5d7cd17-a82b-4b9e-b94a-68d2598435e9::span:6785:6787	-1
0972_657ff59b-77f6-447e-be68-3231650d689e::span:2307:2311	0972_657ff59b-77f6-447e-be68-3231650d689e::span:2253:2264	-1
0973_62b18dbb-6fae-46e8-b720-046d1bf9371c::span:1561:1568	0973_62b18dbb-6fae-46e8-b720-046d1bf9371c::span:1541:1553	-1
0982_f235ca78-3a0e-43eb-99d6-6c4683ffd240::span:1416:1429	0982_f235ca78-3a0e-43eb-99d6-6c4683ffd240::span:1400:1410	-1
0982_f235ca78-3a0e-43eb-99d6-6c4683ffd240::span:1416:1429	0982_f235ca78-3a0e-43eb-99d6-6c4683ffd240::span:1378:1393	-1
0982_f235ca78-3a0e-43eb-99d6-6c4683ffd240::span:1416:1429	0982_f235ca78-3a0e-43eb-99d6-6c4683ffd240::span:1432:1442	-1
0982_f235ca78-3a0e-43eb-99d6-6c4683ffd240::span:1400:1410	0982_f235ca78-3a0e-43eb-99d6-6c4683ffd240::span:1378:1393	-1
0982_f235ca78-3a0e-43eb-99d6-6c4683ffd240::span:1400:1410	0982_f235ca78-3a0e-43eb-99d6-6c4683ffd240::span:1432:1442	-1
0982_f235ca78-3a0e-43eb-99d6-6c4683ffd240::span:1378:1393	0982_f235ca78-3a0e-43eb-99d6-6c4683ffd240::span:1432:1442	-1
0991_7bbf599e-91ac-4bd3-b3c8-a11e965b2282::span:1273:1288	0991_7bbf599e-91ac-4bd3-b3c8-a11e965b2282::span:1483:1498	-1
0991_7bbf599e-91ac-4bd3-b3c8-a11e965b2282::span:1273:1288	0991_7bbf599e-91ac-4bd3-b3c8-a11e965b2282::span:1520:1535	-1
0991_7bbf599e-91ac-4bd3-b3c8-a11e965b2282::span:1483:1498	0991_7bbf599e-91ac-4bd3-b3c8-a11e965b2282::span:1520:1535	-1
0958_7c4b0e4b-e481-4902-a6d8-979193ccede0::span:32:44	0958_7c4b0e4b-e481-4902-a6d8-979193ccede0::span:125:136	-1
0982_f235ca78-3a0e-43eb-99d6-6c4683ffd240::span:470:477	0982_f235ca78-3a0e-43eb-99d6-6c4683ffd240::span:397:409	1
0951_3fd94a0c-da65-4a1f-bf1a-b589cfea24d0::span:369:381	0951_3fd94a0c-da65-4a1f-bf1a-b589cfea24d0::span:155:167	-1
